Timestamp,Flow Duration,Protocol,Src IP,Dst IP,Src Port,Dst Port,Tot Fwd Pkts,Tot Bwd Pkts,Flow Byts/s,Flow Pkts/s,Pkt Len Mean,Pkt Len Std,Pkt Len Max,Pkt Len Min,Flow IAT Mean,Flow IAT Std,Flow IAT Max,Flow IAT Min,Fwd IAT Mean,Fwd IAT Std,Fwd IAT Max,Fwd IAT Min,Bwd IAT Mean,Bwd IAT Std,Bwd IAT Max,Bwd IAT Min,Fwd Pkt Len Mean,Fwd Pkt Len Std,Fwd Pkt Len Max,Fwd Pkt Len Min,Bwd Pkt Len Mean,Bwd Pkt Len Std,Bwd Pkt Len Max,Bwd Pkt Len Min,SYN Flag Cnt,ACK Flag Cnt,FIN Flag Cnt,RST Flag Cnt,PSH Flag Cnt,URG Flag Cnt,ECE Flag Cnt,CWR Flag Cnt,Init Fwd Win Byts,Init Bwd Win Byts,Active Mean,Active Std,Active Max,Active Min,Idle Mean,Idle Std,Idle Max,Idle Min,Fwd Bytes/Bulk,Fwd Pkts/Bulk,Bwd Bytes/Bulk,Bwd Pkts/Bulk,Subflow Fwd Pkts,Subflow Bwd Pkts,Subflow Fwd Byts,Subflow Bwd Byts,Label,detailed_label,parent_label
1773130807.886126,112.95602703094482,1,192.168.6.36,203.74.222.1,0,0,94,93,99.31298306841809,1.6555114845600092,59.98930481283423,2.005340463445435,62,58,0.6072904679083055,0.6924558794275255,5.530267953872681,0.0875709056854248,1.2136025480044785,0.6520948724139999,5.530267953872681,1.0889618396759033,1.2264856100082397,0.8243790470384124,7.720813989639282,1.0919179916381836,58.0,0.0,58,58,62.0,0.0,62,62,0,0,0,0,0,0,0,0,0,0,0.09455879191134839,0.01786980531804117,0.19865798950195312,0.0,1.1190053827019149,0.6592274875591905,5.530267953872681,1.0013909339904785,5452,94,5766,93,1.0,0.9893617021276596,58.0,61.340425531914896,unknown,unknown,unknown
1773130807.959793,29.266575813293457,17,192.168.6.36,142.251.222.206,52887,443,16,15,270.17168152649015,1.0592288007235608,255.06451612903226,324.8868454794552,1288,70,0.9755525271097819,3.5876908823091167,15.525309085845947,0.0,1.9494653224945069,4.981500956918868,15.567438125610352,6.29425048828125e-05,2.0871951409748624,5.139914338529254,15.57312297821045,0.0,305.25,421.00332540254357,1288,72,201.53333333333333,174.15217757002338,534,70,0,0,0,0,0,0,0,0,0,0,0.35563429196675617,0.15816960614420217,0.4604499340057373,0.17369699478149414,14.099836468696594,2.015922707964086,15.525309085845947,12.674363851547241,4884,16,3023,15,5.333333333333333,5.0,1628.0,1007.6666666666666,unknown,unknown,unknown
1773130814.563802,105.06219696998596,2,192.168.6.1,224.0.0.1,0,0,8,0,3.807268566012107,0.07614537132024214,50.0,0.0,50,50,15.008885281426567,0.13015472796075137,15.154629945755005,14.747267961502075,15.008885281426567,0.13015472796075137,15.154629945755005,14.747267961502075,0.0,0.0,0.0,0.0,50.0,0.0,50,50,0.0,0.0,0,0,0,0,0,0,0,0,0,0,0,0,0.0,0.0,0.0,0.0,15.008885281426567,0.13015472796075137,15.154629945755005,14.747267961502075,400,8,0,0,1.0,0.0,50.0,0.0,unknown,unknown,unknown
1773130815.350141,95.01705694198608,2,192.168.6.36,224.0.0.22,0,0,20,0,11.366380255909297,0.21048852325757958,54.0,0.0,54,54,5.000897733788741,3.403084834507146,12.00037407875061,0.9973769187927246,5.000897733788741,3.403084834507146,12.00037407875061,0.9973769187927246,0.0,0.0,0.0,0.0,54.0,0.0,54,54,0.0,0.0,0,0,0,0,0,0,0,0,0,0,0,0,0.05249352204172235,0.2288139577703926,0.9973769187927246,0.0,5.223315556844075,3.3566362866540964,12.00037407875061,1.4925358295440674,1080,20,0,0,1.0526315789473684,0.0,56.8421052631579,0.0,unknown,unknown,unknown
1773130817.753469,90.06796407699585,6,192.168.6.36,216.198.79.67,58540,443,3,3,4.030289834126642,0.06661636089465525,60.5,6.024948132556827,66,55,18.01359281539917,24.650207802258937,45.01729893684387,0.008862972259521484,45.026633501052856,0.0006669317308363871,45.02710509300232,45.026161909103394,45.029550552368164,0.0013186905962088524,45.03048300743103,45.0286180973053,55.0,0.0,55,55,66.0,0.0,66,66,0,6,0,0,0,0,0,0,253,349,0.011626402537027994,0.0029291614236677307,0.014697074890136719,0.008862972259521484,45.01654243469238,0.0010698556026005341,45.01729893684387,45.015785932540894,0,0,0,0,1.0,1.0,55.0,66.0,unknown,unknown,unknown
1773130817.882489,0.21465301513671875,17,192.168.6.36,10.100.192.1,52713,53,2,2,1816.8857295183934,18.634725430957882,97.5,46.45069070171795,167,72,0.07155100504557292,0.1030209134925748,0.1900780200958252,0.0035228729248046875,0.21113014221191406,0.0,0.21113014221191406,0.21113014221191406,0.19360089302062988,0.0,0.19360089302062988,0.19360089302062988,75.5,4.949747468305833,79,72,119.5,67.17514421272202,167,72,0,0,0,0,0,0,0,0,0,0,0.21465301513671875,0.0,0.21465301513671875,0.21465301513671875,0.0,0.0,0.0,0.0,0,0,0,0,2.0,2.0,151.0,239.0,unknown,unknown,unknown
1773130817.914387,9.519874095916748,6,192.168.6.36,34.117.223.223,59185,443,14,9,1046.6524976705045,2.4159983386613413,433.2173913043478,560.756303942334,1470,54,0.43272154981439764,1.92438775381686,9.046056985855103,0.0,0.7322980073782114,2.4993555620798094,9.046056985855103,3.886222839355469e-05,1.1811857521533966,3.213500215642433,9.132047176361084,0.0,261.14285714285717,429.95238683493193,1466,54,700.8888888888889,657.2017278668028,1470,58,2,22,2,0,7,0,0,0,65535,65535,0.23690855503082275,0.21589318539959762,0.3895680904388428,0.08424901962280273,9.046056985855103,0.0,9.046056985855103,9.046056985855103,3656,14,6308,9,7.0,4.5,1828.0,3154.0,unknown,unknown,unknown
1773130818.084141,91.64126300811768,6,192.168.6.36,104.208.16.88,53977,443,8,7,40.98590391172686,0.1636817248870881,250.4,447.59544871936055,1494,54,6.545804500579834,16.301513594607165,45.02655291557312,0.0,13.053456136158534,22.058723680978463,45.34541201591492,4.696846008300781e-05,15.228715340296427,23.30388292065077,45.33274698257446,0.0,399.625,587.465242132916,1494,54,79.85714285714286,34.72956747704839,154,60,0,15,0,0,6,0,0,0,254,16384,0.5322247346242269,0.4186812006050909,1.0148930549621582,0.26707005500793457,45.0222944021225,0.00602244747741867,45.02655291557312,45.018035888671875,3197,8,559,7,2.6666666666666665,2.3333333333333335,1065.6666666666667,186.33333333333334,unknown,unknown,unknown
1773130821.932841,98.00488686561584,6,192.168.6.36,142.251.223.174,55912,443,239,274,2724.2212969042266,5.2344328574494945,520.4424951267057,629.632160337496,1466,54,0.19141579465940595,1.4619255402926368,23.130409002304077,0.0,0.41171021421416465,2.1303027994308477,23.160113096237183,2.5033950805664062e-05,0.35890825938829135,1.99189528702658,23.145182847976685,0.0,919.3598326359833,648.5967628139574,1466,54,172.4817518248175,340.46927541940136,1466,60,0,513,0,0,157,0,0,0,254,600,0.4514848675046648,0.7288564412123517,2.8735828399658203,0.03444814682006836,7.052622978503887,6.211800393751661,23.130409002304077,1.1476750373840332,219727,239,47260,274,17.071428571428573,19.571428571428573,15694.785714285714,3375.714285714286,unknown,unknown,unknown
1773130822.017968,0.004441022872924805,17,192.168.6.36,10.100.192.1,64116,53,1,1,54041.60412304719,450.34670102539326,120.0,56.568542494923804,160,80,0.004441022872924805,0.0,0.004441022872924805,0.004441022872924805,0.0,0.0,0.0,0.0,0.0,0.0,0.0,0.0,80.0,0.0,80,80,160.0,0.0,160,160,0,0,0,0,0,0,0,0,0,0,0.004441022872924805,0.0,0.004441022872924805,0.004441022872924805,0.0,0.0,0.0,0.0,0,0,0,0,1.0,1.0,80.0,160.0,unknown,unknown,unknown
1773130822.018891,0.0035178661346435547,17,192.168.6.36,10.100.192.1,55027,53,1,1,68223.17587258556,568.5264656048797,120.0,56.568542494923804,160,80,0.0035178661346435547,0.0,0.0035178661346435547,0.0035178661346435547,0.0,0.0,0.0,0.0,0.0,0.0,0.0,0.0,80.0,0.0,80,80,160.0,0.0,160,160,0,0,0,0,0,0,0,0,0,0,0.0035178661346435547,0.0,0.0035178661346435547,0.0035178661346435547,0.0,0.0,0.0,0.0,0,0,0,0,1.0,1.0,80.0,160.0,unknown,unknown,unknown
1773130822.062221,4.003259897232056,17,192.168.6.36,34.84.0.87,64756,443,12,0,3580.082324884644,2.9975570680027723,1194.3333333333333,338.3272577451207,1292,120,0.3639327179301869,0.5433715472823234,1.4563159942626953,4.8160552978515625e-05,0.3639327179301869,0.5433715472823234,1.4563159942626953,4.8160552978515625e-05,0.0,0.0,0.0,0.0,1194.3333333333333,338.3272577451207,1292,120,0.0,0.0,0,0,0,0,0,0,0,0,0,0,0,0,0.4129379590352376,0.7152295254228274,1.238813877105713,0.0,1.3822230100631714,0.10478330313166218,1.4563159942626953,1.3081300258636475,14332,12,0,0,4.0,0.0,4777.333333333333,0.0,unknown,unknown,unknown
1773130822.183459,8.025428056716919,1,34.84.0.87,192.168.6.36,0,0,20,0,184.41383930434804,2.4920789095182165,74.0,0.0,74,74,0.42239095035352203,0.5931266693909621,1.7195820808410645,0.0,0.42239095035352203,0.5931266693909621,1.7195820808410645,0.0,0.0,0.0,0.0,0.0,74.0,0.0,74,74,0.0,0.0,0,0,0,0,0,0,0,0,0,0,0,0,0.44188699722290037,0.618805104698326,1.288017988204956,0.0,1.4539982676506042,0.20482434855784132,1.7195820808410645,1.2596750259399414,1480,20,0,0,4.0,0.0,296.0,0.0,unknown,unknown,unknown
1773130822.416224,31.68545699119568,6,192.168.6.36,13.89.179.10,64333,443,17,12,632.4036925068774,0.9152463860015693,690.9655172413793,661.637550905685,1494,54,1.1316234639712743,5.87389089245569,31.10105800628662,0.0,1.98034106194973,7.7661545360413555,31.10105800628662,4.38690185546875e-05,2.8560021790591152,9.470325007630555,31.41010594367981,0.0,1083.2941176470588,592.1752026117231,1494,54,135.16666666666666,171.36820185221237,503,60,0,29,0,0,6,0,0,0,1020,16385,0.2921994924545288,0.01566160031925418,0.30327391624450684,0.2811250686645508,31.10105800628662,0.0,31.10105800628662,31.10105800628662,18416,17,1622,12,8.5,6.0,9208.0,811.0,unknown,unknown,unknown
1773130823.627831,0.3175480365753174,6,192.168.6.36,142.251.222.142,59186,443,7,6,12750.826752599496,40.93868801773115,311.46153846153845,418.1474252351307,1431,54,0.026462336381276447,0.018599209117549687,0.06512713432312012,0.0001709461212158203,0.052924672762552895,0.046412940278461066,0.10919594764709473,0.0001709461212158203,0.04529242515563965,0.03074929576767138,0.09945201873779297,0.02291107177734375,297.0,316.2630761460043,813,54,328.3333333333333,546.7835647371514,1431,64,2,12,0,0,5,0,0,0,65535,65535,0.3175480365753174,0.0,0.3175480365753174,0.3175480365753174,0.0,0.0,0.0,0.0,2079,7,1970,6,7.0,6.0,2079.0,1970.0,unknown,unknown,unknown
1773130823.889845,0.1327800750732422,17,192.168.6.36,10.100.192.1,51687,53,1,1,3456.843956043956,15.062500897795015,229.5,202.93964620053913,373,86,0.1327800750732422,0.0,0.1327800750732422,0.1327800750732422,0.0,0.0,0.0,0.0,0.0,0.0,0.0,0.0,86.0,0.0,86,86,373.0,0.0,373,373,0,0,0,0,0,0,0,0,0,0,0.1327800750732422,0.0,0.1327800750732422,0.1327800750732422,0.0,0.0,0.0,0.0,0,0,0,0,1.0,1.0,86.0,373.0,unknown,unknown,unknown
1773130823.893028,0.0025169849395751953,17,192.168.6.36,10.100.192.1,60190,53,1,1,182361.04347826086,794.6014966373023,229.5,202.93964620053913,373,86,0.0025169849395751953,0.0,0.0025169849395751953,0.0025169849395751953,0.0,0.0,0.0,0.0,0.0,0.0,0.0,0.0,86.0,0.0,86,86,373.0,0.0,373,373,0,0,0,0,0,0,0,0,0,0,0.0025169849395751953,0.0,0.0025169849395751953,0.0025169849395751953,0.0,0.0,0.0,0.0,0,0,0,0,1.0,1.0,86.0,373.0,unknown,unknown,unknown
1773130823.986999,65.51267504692078,6,192.168.6.36,104.208.16.88,64328,443,3,3,5.342477615962511,0.09158533055935733,58.333333333333336,5.955389715767279,66,54,13.102535009384155,19.723870849408176,45.017799854278564,0.24912810325622559,32.631773471832275,17.946096401508598,45.321579933166504,19.941967010498047,32.60444748401642,17.911822752886934,45.27001881599426,19.938876152038574,54.666666666666664,0.5773502691896257,55,54,62.0,6.928203230275509,66,54,0,6,1,1,0,0,0,0,255,16382,0.2683757146199544,0.030700001765785856,0.30378007888793945,0.24912810325622559,32.35377395153046,17.90963718591055,45.017799854278564,19.68974804878235,0,0,0,0,1.0,1.0,54.666666666666664,62.0,unknown,unknown,unknown
1773130826.065662,73.59172511100769,6,192.168.6.36,34.84.0.87,51254,443,26,27,233.72192966063872,0.7201896669775496,324.52830188679246,487.36049695404296,1478,54,1.415225482903994,7.145991805084419,45.02570390701294,0.0,2.9385076808929442,10.24717652749576,45.25470304489136,3.600120544433594e-05,2.8238747670100284,10.038803925993848,45.15473699569702,0.0,380.6923076923077,527.9798306171,1474,54,270.44444444444446,448.11548419965044,1478,64,2,52,0,0,25,0,0,0,65535,65320,0.8273113568623861,0.7078495976422691,1.5443589687347412,0.12903308868408203,35.554895520210266,13.393745667253194,45.02570390701294,26.084087133407593,9898,26,7302,27,8.666666666666666,9.0,3299.3333333333335,2434.0,unknown,unknown,unknown
1773130826.071505,4.012452840805054,17,192.168.6.36,34.84.0.87,62142,443,8,0,2284.8866675179524,1.9937929035933266,1146.0,412.95036021294374,1292,124,0.5732075486864362,0.7188422115500903,1.8168039321899414,5.602836608886719e-05,0.5732075486864362,0.7188422115500903,1.8168039321899414,5.602836608886719e-05,0.0,0.0,0.0,0.0,1146.0,412.95036021294374,1292,124,0.0,0.0,0,0,0,0,0,0,0,0,0,0,0,0,0.3056786060333252,0.5294508764365496,0.9170358180999756,0.0,1.547708511352539,0.38055839372074995,1.8168039321899414,1.2786130905151367,9168,8,0,0,2.6666666666666665,0.0,3056.0,0.0,unknown,unknown,unknown
1773130826.380554,3.3378779888153076,6,192.168.6.36,34.84.0.87,51639,443,1,3,79.09216600625354,1.198366151609902,66.0,0.0,66,66,1.1126259962717693,1.0425367067995825,2.2002038955688477,0.1218879222869873,0.0,0.0,0.0,0.0,1.6079950332641602,0.8375098048288299,2.2002038955688477,1.0157861709594727,66.0,0.0,66,66,66.0,0.0,66,66,4,3,0,0,0,0,0,0,65535,65320,0.040629307428995766,0.07037202474335631,0.1218879222869873,0.0,1.6079950332641602,0.8375098048288299,2.2002038955688477,1.0157861709594727,0,0,0,0,0.3333333333333333,1.0,22.0,66.0,unknown,unknown,unknown
1773130826.380608,3.3378238677978516,6,192.168.6.36,34.84.0.87,56550,443,1,3,79.09344844315453,1.1983855824720382,66.0,0.0,66,66,1.1126079559326172,1.0394929817676533,2.2028720378875732,0.1326899528503418,0.0,0.0,0.0,0.0,1.6025669574737549,0.8489595862826933,2.2028720378875732,1.0022618770599365,66.0,0.0,66,66,66.0,0.0,66,66,4,3,0,0,0,0,0,0,65535,65320,0.044229984283447266,0.07660857999690358,0.1326899528503418,0.0,1.6025669574737549,0.8489595862826933,2.2028720378875732,1.0022618770599365,0,0,0,0,0.3333333333333333,1.0,22.0,66.0,unknown,unknown,unknown
1773130830.280766,79.44445896148682,2,192.168.6.33,224.0.0.22,0,0,6,0,4.380418779976887,0.07552446172373944,58.0,0.0,58,58,15.888891792297363,6.671417929115586,24.06409192085266,7.987216949462891,15.888891792297363,6.671417929115586,24.06409192085266,7.987216949462891,0.0,0.0,0.0,0.0,58.0,0.0,58,58,0.0,0.0,0,0,0,0,0,0,0,0,0,0,0,0,0.0,0.0,0.0,0.0,15.888891792297363,6.671417929115586,24.06409192085266,7.987216949462891,348,6,0,0,1.0,0.0,58.0,0.0,unknown,unknown,unknown
1773130831.970612,5.73489785194397,6,192.168.6.36,52.168.117.170,50945,443,1,2,30.51492886498055,0.5231130662568094,58.333333333333336,6.6583281184793925,66,54,2.867448925971985,3.6186655300473833,5.426231861114502,0.3086659908294678,0.0,0.0,0.0,0.0,5.426231861114502,0.0,5.426231861114502,5.426231861114502,55.0,0.0,55,55,60.0,8.48528137423857,66,54,0,3,0,1,0,0,0,0,253,16379,0.1543329954147339,0.21825981523718135,0.3086659908294678,0.0,5.426231861114502,0.0,5.426231861114502,5.426231861114502,0,0,0,0,0.5,1.0,27.5,60.0,unknown,unknown,unknown
1773130832.790555,0.014647960662841797,6,20.33.3.2,192.168.6.36,443,63776,1,1,7646.115563657671,136.53777792245842,56.0,2.8284271247461903,58,54,0.014647960662841797,0.0,0.014647960662841797,0.014647960662841797,0.0,0.0,0.0,0.0,0.0,0.0,0.0,0.0,58.0,0.0,58,58,54.0,0.0,54,54,0,2,0,0,0,0,0,0,1,255,0.014647960662841797,0.0,0.014647960662841797,0.014647960662841797,0.0,0.0,0.0,0.0,0,0,0,0,1.0,1.0,58.0,54.0,unknown,unknown,unknown
1773130832.9304,45.12737011909485,6,192.168.6.36,172.253.118.188,53808,5228,2,2,5.451237228112024,0.0886380037091386,61.5,7.681145747868608,70,55,15.04245670636495,25.965708284033745,45.02507400512695,0.04987192153930664,45.07749819755554,0.0,45.07749819755554,45.07749819755554,45.07494592666626,0.0,45.07494592666626,45.07494592666626,55.0,0.0,55,55,68.0,2.8284271247461903,70,66,0,4,0,0,0,0,0,0,253,1047,0.051148056983947754,0.0018047280532364825,0.05242419242858887,0.04987192153930664,45.02507400512695,0.0,45.02507400512695,45.02507400512695,0,0,0,0,1.0,1.0,55.0,68.0,unknown,unknown,unknown
1773130832.963956,45.403252840042114,6,192.168.6.36,34.84.0.87,53334,443,2,2,5.506213417808681,0.0880994146849389,62.5,8.660254037844387,70,55,15.134417613347372,25.895228067417758,45.0355908870697,0.13173198699951172,45.2715208530426,0.0,45.2715208530426,45.2715208530426,45.167322874069214,0.0,45.167322874069214,45.167322874069214,55.0,0.0,55,55,70.0,0.0,70,70,0,4,0,0,0,0,0,0,252,511,0.18383097648620605,0.07367909751801642,0.2359299659729004,0.13173198699951172,45.0355908870697,0.0,45.0355908870697,45.0355908870697,0,0,0,0,1.0,1.0,55.0,70.0,unknown,unknown,unknown
1773130835.802583,1.4380710124969482,17,192.168.6.36,64.233.170.132,65105,443,17,20,14709.287522089518,25.728910240500742,571.7027027027027,556.2822457502459,1296,69,0.039946417013804116,0.08493527778129732,0.45132899284362793,0.0,0.08646169304847717,0.1309113848890623,0.45132899284362793,4.506111145019531e-05,0.07306937167519018,0.14366819480862345,0.5540049076080322,0.0,367.29411764705884,501.89849131894715,1292,72,745.45,552.3010692119213,1296,69,0,0,0,0,0,0,0,0,0,0,1.4380710124969482,0.0,1.4380710124969482,1.4380710124969482,0.0,0.0,0.0,0.0,6244,17,14909,20,17.0,20.0,6244.0,14909.0,unknown,unknown,unknown
1773130835.931396,0.01357889175415039,17,192.168.6.36,10.100.192.1,50883,53,1,1,17969.065842609827,147.2874249394248,122.0,73.53910524340094,174,70,0.01357889175415039,0.0,0.01357889175415039,0.01357889175415039,0.0,0.0,0.0,0.0,0.0,0.0,0.0,0.0,70.0,0.0,70,70,174.0,0.0,174,174,0,0,0,0,0,0,0,0,0,0,0.01357889175415039,0.0,0.01357889175415039,0.01357889175415039,0.0,0.0,0.0,0.0,0,0,0,0,1.0,1.0,70.0,174.0,unknown,unknown,unknown
1773130835.932706,0.012268781661987305,17,192.168.6.36,10.100.192.1,51014,53,1,1,19154.306146641014,163.0153714607746,117.5,67.17514421272202,165,70,0.012268781661987305,0.0,0.012268781661987305,0.012268781661987305,0.0,0.0,0.0,0.0,0.0,0.0,0.0,0.0,70.0,0.0,70,70,165.0,0.0,165,165,0,0,0,0,0,0,0,0,0,0,0.012268781661987305,0.0,0.012268781661987305,0.012268781661987305,0.0,0.0,0.0,0.0,0,0,0,0,1.0,1.0,70.0,165.0,unknown,unknown,unknown
1773130835.975768,0.31828784942626953,17,192.168.6.36,172.217.24.206,64862,443,13,12,36646.07373804865,78.54525406817699,466.56,524.6973000375232,1296,67,0.013261993726094564,0.01978419924563541,0.07398605346679688,0.0,0.02652398745218913,0.03979729518882552,0.10515999794006348,5.2928924560546875e-05,0.020271257920698685,0.02600334561148922,0.06938004493713379,0.0,408.61538461538464,527.5421844841002,1292,74,529.3333333333334,537.4037475481426,1296,67,0,0,0,0,0,0,0,0,0,0,0.31828784942626953,0.0,0.31828784942626953,0.31828784942626953,0.0,0.0,0.0,0.0,5312,13,6352,12,13.0,12.0,5312.0,6352.0,unknown,unknown,unknown
1773130836.041687,0.024997949600219727,6,20.33.3.2,192.168.6.36,443,63789,1,1,4320.354338143426,80.00656181747084,54.0,0.0,54,54,0.024997949600219727,0.0,0.024997949600219727,0.024997949600219727,0.0,0.0,0.0,0.0,0.0,0.0,0.0,0.0,54.0,0.0,54,54,54.0,0.0,54,54,0,2,0,0,0,0,0,0,1,255,0.024997949600219727,0.0,0.024997949600219727,0.024997949600219727,0.0,0.0,0.0,0.0,0,0,0,0,1.0,1.0,54.0,54.0,unknown,unknown,unknown
1773130836.936845,82.04481792449951,6,192.168.6.36,198.169.1.129,60594,443,10,13,63.00215090679698,0.28033458519178384,224.7391304347826,379.9178400883424,1514,54,3.729309905659069,12.027615375151793,43.12776494026184,0.0,9.116090880499947,18.030928055691355,43.18017792701721,0.00017213821411132812,6.8362462520599365,15.908879168679096,43.13127684593201,0.0,396.4,539.7162217313836,1514,54,92.6923076923077,51.99100020738303,243,60,0,23,0,0,11,0,0,0,255,921,0.13196667035420737,0.11416391118202249,0.22695612907409668,0.005312919616699219,40.824458956718445,3.2573665602221715,43.12776494026184,38.52115297317505,3964,10,1205,13,3.3333333333333335,4.333333333333333,1321.3333333333333,401.6666666666667,unknown,unknown,unknown
1773130841.737412,0.04454803466796875,17,192.168.6.36,10.100.192.1,55645,53,1,1,4624.2219558143515,44.89535879431409,103.0,45.254833995939045,135,71,0.04454803466796875,0.0,0.04454803466796875,0.04454803466796875,0.0,0.0,0.0,0.0,0.0,0.0,0.0,0.0,71.0,0.0,71,71,135.0,0.0,135,135,0,0,0,0,0,0,0,0,0,0,0.04454803466796875,0.0,0.04454803466796875,0.04454803466796875,0.0,0.0,0.0,0.0,0,0,0,0,1.0,1.0,71.0,135.0,unknown,unknown,unknown
1773130841.774778,0.007182121276855469,17,192.168.6.36,202.153.32.2,55645,53,1,1,28682.3338202098,278.4692603903864,103.0,45.254833995939045,135,71,0.007182121276855469,0.0,0.007182121276855469,0.007182121276855469,0.0,0.0,0.0,0.0,0.0,0.0,0.0,0.0,71.0,0.0,71,71,135.0,0.0,135,135,0,0,0,0,0,0,0,0,0,0,0.007182121276855469,0.0,0.007182121276855469,0.007182121276855469,0.0,0.0,0.0,0.0,0,0,0,0,1.0,1.0,71.0,135.0,unknown,unknown,unknown
1773130841.82237,0.0041348934173583984,17,192.168.6.36,10.100.192.1,52690,53,1,1,34825.56512714063,483.6884045436199,72.0,0.0,72,72,0.0041348934173583984,0.0,0.0041348934173583984,0.0041348934173583984,0.0,0.0,0.0,0.0,0.0,0.0,0.0,0.0,72.0,0.0,72,72,72.0,0.0,72,72,0,0,0,0,0,0,0,0,0,0,0.0041348934173583984,0.0,0.0041348934173583984,0.0041348934173583984,0.0,0.0,0.0,0.0,0,0,0,0,1.0,1.0,72.0,72.0,unknown,unknown,unknown
1773130841.885625,1.1184852123260498,6,192.168.6.36,54.230.27.49,56553,443,10,9,6520.425947190813,16.98726079756279,383.8421052631579,568.9448580152459,1494,54,0.06213806735144721,0.23036434816797172,0.9837591648101807,0.0,0.1224254502190484,0.3236840188631329,0.9837591648101807,5.507469177246094e-05,0.016031622886657715,0.022960383183639486,0.06125807762145996,0.0,104.2,91.3914656847126,304,54,694.5555555555555,715.9359453036129,1494,54,3,16,2,1,7,0,0,0,65535,65535,1.1184852123260498,0.0,1.1184852123260498,1.1184852123260498,0.0,0.0,0.0,0.0,1042,10,6251,9,10.0,9.0,1042.0,6251.0,unknown,unknown,unknown
1773130841.885799,0.15659403800964355,6,192.168.6.36,54.230.27.49,56554,443,9,11,57364.89150019108,127.71878325768914,449.15,622.5182538012757,1494,54,0.008241791474191766,0.013348841450717632,0.050538063049316406,0.0,0.016992002725601196,0.02386974685605654,0.0648040771484375,4.291534423828125e-05,0.015189290046691895,0.025716979794432045,0.06976509094238281,0.0,107.77777777777777,97.72125891761958,304,54,728.4545454545455,733.465658860231,1494,54,2,18,2,1,7,0,0,0,65535,65535,0.15659403800964355,0.0,0.15659403800964355,0.15659403800964355,0.0,0.0,0.0,0.0,970,9,8013,11,9.0,11.0,970.0,8013.0,unknown,unknown,unknown
1773130841.885857,2.716856002807617,6,192.168.6.36,54.230.27.49,56555,443,13,10,2995.3740616323194,8.465667660056935,353.82608695652175,544.0065718331246,1494,54,0.1234934546730735,0.33514682883959684,1.2871789932250977,0.0,0.22488615910212198,0.4392824992432941,1.2995600700378418,6.604194641113281e-05,0.04955267906188965,0.09287342270497437,0.28627800941467285,0.0,94.92307692307692,82.42012450292054,304,54,690.4,701.1904480556224,1494,54,3,20,3,1,7,0,0,0,65535,65535,0.7148385047912598,0.38023167135109354,0.9837028980255127,0.44597411155700684,1.2871789932250977,0.0,1.2871789932250977,1.2871789932250977,1234,13,6904,10,6.5,5.0,617.0,3452.0,unknown,unknown,unknown
1773130842.461827,45.02252507209778,6,192.168.6.36,64.239.109.129,61615,443,2,2,5.375087239386688,0.08884441717994526,60.5,6.3508529610858835,66,55,15.007508357365927,25.987335043316982,45.015098094940186,0.0025911331176757812,45.0199339389801,0.0,45.0199339389801,45.0199339389801,45.01768922805786,0.0,45.01768922805786,45.01768922805786,55.0,0.0,55,55,66.0,0.0,66,66,0,4,0,0,0,0,0,0,253,468,0.0037134885787963867,0.0015872503149202692,0.004835844039916992,0.0025911331176757812,45.015098094940186,0.0,45.015098094940186,45.015098094940186,0,0,0,0,1.0,1.0,55.0,66.0,unknown,unknown,unknown
1773130842.878296,0.017240047454833984,6,192.168.6.36,23.2.77.251,57451,443,2,2,13921.075369935003,232.01792283225004,60.0,12.0,78,54,0.005746682484944661,0.006414499714064147,0.012666940689086914,0.0,0.017240047454833984,0.0,0.017240047454833984,0.017240047454833984,0.0,0.0,0.0,0.0,54.0,0.0,54,54,66.0,16.97056274847714,78,54,0,4,2,1,1,0,0,0,251,501,0.017240047454833984,0.0,0.017240047454833984,0.017240047454833984,0.0,0.0,0.0,0.0,0,0,0,0,2.0,2.0,108.0,132.0,unknown,unknown,unknown
1773130844.402026,45.05824899673462,6,192.168.6.36,34.111.24.1,54376,443,2,2,5.548373617850031,0.0887739778856005,62.5,8.660254037844387,70,55,15.019416332244873,25.981372463488814,45.0201210975647,0.018539905548095703,45.03970909118652,0.0,45.03970909118652,45.03970909118652,45.03866100311279,0.0,45.03866100311279,45.03866100311279,55.0,0.0,55,55,70.0,0.0,70,70,0,4,0,0,0,0,0,0,250,991,0.019063949584960938,0.0007411101842155607,0.019587993621826172,0.018539905548095703,45.0201210975647,0.0,45.0201210975647,45.0201210975647,0,0,0,0,1.0,1.0,55.0,70.0,unknown,unknown,unknown
1773130845.600671,0.3089289665222168,6,192.168.6.36,142.251.222.142,56557,443,7,6,13028.885071256469,42.080871037598534,309.61538461538464,418.07187150487624,1427,54,0.025744080543518066,0.01940334288422438,0.06561493873596191,0.005644083023071289,0.05148816108703613,0.04825403623332713,0.11889290809631348,0.008752822875976562,0.04459681510925293,0.03335055269200514,0.10327887535095215,0.02387213706970215,297.0,316.2630761460043,813,54,324.3333333333333,546.7835647371514,1427,60,2,12,0,0,5,0,0,0,65535,65535,0.3089289665222168,0.0,0.3089289665222168,0.3089289665222168,0.0,0.0,0.0,0.0,2079,7,1946,6,7.0,6.0,2079.0,1946.0,unknown,unknown,unknown
1773130849.568461,66.05035614967346,6,192.168.6.36,216.239.38.223,59184,443,4,4,8.448099791249327,0.12111971026880754,69.75,26.212047393735357,131,54,9.435765164239067,24.932236020817385,65.97675800323486,0.0,22.016785383224487,38.10027092401554,66.01118302345276,0.0001780986785888672,22.00217866897583,38.08310573471073,65.97675800323486,0.0,60.25,11.84271928232701,78,54,79.25,34.96069221282668,131,58,0,8,2,0,2,0,0,0,255,1045,0.036799073219299316,0.020725291286747032,0.05145406723022461,0.022144079208374023,65.97675800323486,0.0,65.97675800323486,65.97675800323486,241,4,317,4,2.0,2.0,120.5,158.5,unknown,unknown,unknown
1773130849.959003,50.47319507598877,17,192.168.6.36,10.100.192.1,55235,53,4,4,21.67487115394524,0.15849997187528514,136.75,93.03877839758154,333,72,7.2104564394269675,12.03833743041535,29.41389489173889,0.00884699821472168,16.821449359258015,13.899004698142267,29.435930967330933,1.9212770462036133,16.820441325505573,13.893988954394285,29.42287278175354,1.9211461544036865,80.0,8.640987597877148,92,72,193.5,107.4011173126239,333,72,0,0,0,0,0,0,0,0,0,0,0.012933015823364258,0.006227142831995152,0.022036075592041016,0.00884699821472168,16.807154337565105,13.892841444816733,29.41389489173889,1.9122991561889648,320,4,774,4,1.0,1.0,80.0,193.5,unknown,unknown,unknown
1773130852.075596,0.3816859722137451,6,192.168.6.36,142.251.222.142,56562,443,7,6,10608.197038303912,34.0594125704991,311.46153846153845,418.1474252351307,1431,54,0.031807164351145424,0.025943733728849717,0.08641695976257324,0.00017118453979492188,0.06361432870229085,0.05266486778503181,0.13152813911437988,0.00017118453979492188,0.055592012405395505,0.05385361668775522,0.15107297897338867,0.02141094207763672,297.0,316.2630761460043,813,54,328.3333333333333,546.7835647371514,1431,64,2,12,0,0,5,0,0,0,65535,65535,0.3816859722137451,0.0,0.3816859722137451,0.3816859722137451,0.0,0.0,0.0,0.0,2079,7,1970,6,7.0,6.0,2079.0,1970.0,unknown,unknown,unknown
1773130860.607579,15.448890924453735,6,192.168.6.36,34.117.223.223,56565,443,7,7,398.0220994548465,0.9062139197215565,439.2142857142857,592.5426539104984,1470,54,1.1883762249579797,2.900465588631191,9.497732877731323,0.0,2.5748151540756226,3.9885103670870454,9.497732877731323,0.0001678466796875,1.6746809879938762,3.8561805940683858,9.534916877746582,0.0,121.0,172.03197377231942,511,54,757.4285714285714,703.4644878842753,1470,58,2,13,1,1,3,0,0,0,65535,65535,0.19342374801635742,0.30957765520275177,0.5504791736602783,0.0,7.4343098402023315,2.918120844586588,9.497732877731323,5.37088680267334,847,7,5302,7,2.3333333333333335,2.3333333333333335,282.3333333333333,1767.3333333333333,unknown,unknown,unknown
1773130862.185925,0.024486064910888672,6,192.168.6.36,202.133.52.75,54029,443,2,2,10087.370138848319,163.35822087203755,61.75,15.5,85,54,0.00816202163696289,0.00773979288715108,0.015395879745483398,0.0,0.024486064910888672,0.0,0.024486064910888672,0.024486064910888672,0.0,0.0,0.0,0.0,54.0,0.0,54,54,69.5,21.920310216782973,85,54,0,4,2,1,1,0,0,0,255,501,0.024486064910888672,0.0,0.024486064910888672,0.024486064910888672,0.0,0.0,0.0,0.0,0,0,0,0,2.0,2.0,108.0,139.0,unknown,unknown,unknown
1773130869.112168,0.5803709030151367,6,192.168.6.36,23.2.78.153,56570,443,15,12,15600.36857975263,46.521973895882596,335.3333333333333,496.2014944323758,1514,54,0.02232195780827449,0.047383952597091356,0.18298006057739258,0.0,0.0414550645010812,0.06287876460284247,0.18298006057739258,6.985664367675781e-05,0.029790531505237926,0.06705490010783366,0.22981500625610352,0.0,118.6,108.84379370718125,373,54,606.25,650.2032025032287,1514,60,3,26,0,1,10,0,0,0,65535,64240,0.5803709030151367,0.0,0.5803709030151367,0.5803709030151367,0.0,0.0,0.0,0.0,1779,15,7275,12,15.0,12.0,1779.0,7275.0,unknown,unknown,unknown
1773130871.799752,0.04775404930114746,6,192.168.6.36,104.77.173.144,53810,443,2,2,5172.336244040041,83.76253026785491,61.75,15.5,85,54,0.01591801643371582,0.021425669898060547,0.04027891159057617,0.0,0.04775404930114746,0.0,0.04775404930114746,0.04775404930114746,0.0,0.0,0.0,0.0,54.0,0.0,54,54,69.5,21.920310216782973,85,54,0,4,2,1,1,0,0,0,252,501,0.04775404930114746,0.0,0.04775404930114746,0.04775404930114746,0.0,0.0,0.0,0.0,0,0,0,0,2.0,2.0,108.0,139.0,unknown,unknown,unknown
1773130872.996451,0.031738996505737305,6,192.168.6.36,142.251.222.142,55913,443,2,1,5104.13112685261,94.52094679356685,54.0,0.0,54,54,0.015869498252868652,0.010326146472563082,0.023171186447143555,0.00856781005859375,0.031738996505737305,0.0,0.031738996505737305,0.031738996505737305,0.0,0.0,0.0,0.0,54.0,0.0,54,54,54.0,0.0,54,54,0,3,2,0,0,0,0,0,255,1048,0.031738996505737305,0.0,0.031738996505737305,0.031738996505737305,0.0,0.0,0.0,0.0,0,0,0,0,2.0,1.0,108.0,54.0,unknown,unknown,unknown
1773130874.774978,0.024135112762451172,6,13.107.213.72,192.168.6.36,443,64335,4,3,18272.133399189963,290.03386347920576,63.0,15.968719422671311,93,54,0.004022518793741862,0.006932059554690456,0.017715930938720703,0.0,0.008045037587483725,0.013934413850323157,0.024135112762451172,0.0,0.0009545087814331055,0.001154655061804453,0.0017709732055664062,0.0001380443572998047,69.75,19.189841062395487,93,54,54.0,0.0,54,54,0,7,2,0,2,0,0,0,131,255,0.024135112762451172,0.0,0.024135112762451172,0.024135112762451172,0.0,0.0,0.0,0.0,279,4,0,0,4.0,3.0,279.0,162.0,unknown,unknown,unknown
1773130876.184891,0.03514599800109863,17,192.168.6.36,10.100.192.1,52361,53,1,1,5406.020907246986,56.9054832341788,95.0,0.0,95,95,0.03514599800109863,0.0,0.03514599800109863,0.03514599800109863,0.0,0.0,0.0,0.0,0.0,0.0,0.0,0.0,95.0,0.0,95,95,95.0,0.0,95,95,0,0,0,0,0,0,0,0,0,0,0.03514599800109863,0.0,0.03514599800109863,0.03514599800109863,0.0,0.0,0.0,0.0,0,0,0,0,1.0,1.0,95.0,95.0,unknown,unknown,unknown
1773130876.186269,0.01010584831237793,17,192.168.6.36,10.100.192.1,61549,53,1,1,25133.961261707598,197.9052067850992,127.0,45.254833995939045,159,95,0.01010584831237793,0.0,0.01010584831237793,0.01010584831237793,0.0,0.0,0.0,0.0,0.0,0.0,0.0,0.0,95.0,0.0,95,95,159.0,0.0,159,159,0,0,0,0,0,0,0,0,0,0,0.01010584831237793,0.0,0.01010584831237793,0.01010584831237793,0.0,0.0,0.0,0.0,0,0,0,0,1.0,1.0,95.0,159.0,unknown,unknown,unknown
1773130876.186431,7.561913013458252,17,192.168.6.36,202.133.51.46,60027,443,102,238,40847.468021685054,44.962167561949975,908.4852941176471,560.2221560148115,1292,64,0.022306528063298678,0.2976807462452068,5.365015029907227,0.0,0.07471208997292093,0.5477687913310908,5.3756890296936035,3.504753112792969e-05,0.031864848317979255,0.3569400903890684,5.3796350955963135,0.0,180.4313725490196,330.97176182392076,1292,71,1220.5084033613446,276.302527000706,1292,64,0,0,0,0,0,0,0,0,0,0,0.36054333051045734,0.18689660243604983,0.516848087310791,0.15352296829223633,3.24014151096344,3.0050249488177467,5.365015029907227,1.1152679920196533,18404,102,290481,238,34.0,79.33333333333333,6134.666666666667,96827.0,unknown,unknown,unknown
1773130876.219479,1.858206033706665,17,192.168.6.36,216.239.36.223,49665,443,18,21,12719.256945288233,20.987984805002796,606.025641025641,575.4385278422328,1292,66,0.04890015878175434,0.25918252883572596,1.603363037109375,0.0,0.10742946232066435,0.39666735851501395,1.6455330848693848,4.506111145019531e-05,0.09208160638809204,0.3614307028570774,1.6245930194854736,0.0,446.94444444444446,552.2299683179976,1292,74,742.3809523809524,572.3925642590473,1292,66,0,0,0,0,0,0,0,0,0,0,0.12742149829864502,0.05913455727169498,0.1692359447479248,0.08560705184936523,1.603363037109375,0.0,1.603363037109375,1.603363037109375,8045,18,15590,21,9.0,10.5,4022.5,7795.0,unknown,unknown,unknown
1773130876.431841,34.485897064208984,17,192.168.6.36,172.253.118.119,65013,443,34,50,1683.9927316338194,2.4357783079732895,691.3571428571429,590.008426381672,1292,65,0.41549273571336126,3.697524269079539,33.69520306587219,0.0,1.043379393490878,5.866180910471185,33.720114946365356,3.600120544433594e-05,0.7026413070912264,4.822946767941895,33.77336001396179,0.0,225.23529411764707,383.61107662646674,1292,73,1008.32,487.1091500697073,1292,65,0,0,0,0,0,0,0,0,0,0,0.395346999168396,0.0645165412391421,0.4409670829772949,0.34972691535949707,33.69520306587219,0.0,33.69520306587219,33.69520306587219,7658,34,50416,50,17.0,25.0,3829.0,25208.0,unknown,unknown,unknown
1773130876.827208,0.3207969665527344,6,192.168.6.36,35.167.216.216,51776,443,2,2,748.136750104049,12.468945835067483,60.0,12.0,78,54,0.1069323221842448,0.174514986857623,0.3083159923553467,0.0,0.3207969665527344,0.0,0.3207969665527344,0.3207969665527344,0.0,0.0,0.0,0.0,54.0,0.0,54,54,66.0,16.97056274847714,78,54,0,4,2,1,1,0,0,0,255,148,0.3207969665527344,0.0,0.3207969665527344,0.3207969665527344,0.0,0.0,0.0,0.0,0,0,0,0,2.0,2.0,108.0,132.0,unknown,unknown,unknown
1773130878.027231,0.007895946502685547,17,192.168.6.36,10.100.192.1,52012,53,1,1,33941.4660305574,253.2945226161,134.0,46.66904755831214,167,101,0.007895946502685547,0.0,0.007895946502685547,0.007895946502685547,0.0,0.0,0.0,0.0,0.0,0.0,0.0,0.0,101.0,0.0,101,101,167.0,0.0,167,167,0,0,0,0,0,0,0,0,0,0,0.007895946502685547,0.0,0.007895946502685547,0.007895946502685547,0.0,0.0,0.0,0.0,0,0,0,0,1.0,1.0,101.0,167.0,unknown,unknown,unknown
1773130878.02887,0.006256818771362305,17,192.168.6.36,10.100.192.1,60442,53,1,1,42833.268757382924,319.65125938345466,134.0,46.66904755831214,167,101,0.006256818771362305,0.0,0.006256818771362305,0.006256818771362305,0.0,0.0,0.0,0.0,0.0,0.0,0.0,0.0,101.0,0.0,101,101,167.0,0.0,167,167,0,0,0,0,0,0,0,0,0,0,0.006256818771362305,0.0,0.006256818771362305,0.006256818771362305,0.0,0.0,0.0,0.0,0,0,0,0,1.0,1.0,101.0,167.0,unknown,unknown,unknown
1773130878.069068,5.677026987075806,17,192.168.6.36,202.133.51.205,62454,443,303,832,191841.43434219988,199.92858983829316,959.5497797356828,541.4528816516662,1292,65,0.0050061966376329856,0.0353020856845892,1.0769109725952148,0.0,0.018593946829536894,0.08000422660913281,1.1935560703277588,2.5987625122070312e-05,0.006821191124393908,0.04170562430149776,1.0769109725952148,0.0,100.08250825082509,169.8114940190228,1292,71,1272.5528846153845,148.86104971292147,1292,65,0,0,0,0,0,0,0,0,0,0,2.3000580072402954,2.6201008159408445,4.152749061584473,0.44736695289611816,1.0769109725952148,0.0,1.0769109725952148,1.0769109725952148,30325,303,1058764,832,151.5,416.0,15162.5,529382.0,unknown,unknown,unknown
1773130878.107263,0.11251282691955566,6,192.168.6.36,202.133.51.205,49668,443,8,9,77706.69566636223,151.09388383028227,514.2941176470588,640.5151993420884,1466,54,0.007032051682472229,0.008265088536308347,0.02937793731689453,0.0,0.014999696186610631,0.013953585515861257,0.03913688659667969,0.00016808509826660156,0.01218298077583313,0.018655921003522535,0.04501795768737793,0.0,286.875,489.8237109993174,1466,54,716.4444444444445,716.1639321955398,1466,60,2,16,0,0,3,0,0,0,65535,65535,0.11251282691955566,0.0,0.11251282691955566,0.11251282691955566,0.0,0.0,0.0,0.0,2295,8,6448,9,8.0,9.0,2295.0,6448.0,unknown,unknown,unknown
1773130880.013891,0.021532058715820312,6,192.168.6.36,4.213.25.241,49425,443,1,1,5619.527681814156,92.88475507130835,60.5,7.7781745930520225,66,55,0.021532058715820312,0.0,0.021532058715820312,0.021532058715820312,0.0,0.0,0.0,0.0,0.0,0.0,0.0,0.0,55.0,0.0,55,55,66.0,0.0,66,66,0,2,0,0,0,0,0,0,252,8192,0.021532058715820312,0.0,0.021532058715820312,0.021532058715820312,0.0,0.0,0.0,0.0,0,0,0,0,1.0,1.0,55.0,66.0,unknown,unknown,unknown
1773130887.250503,5.773157835006714,17,202.133.51.47,192.168.6.36,443,53921,1280,407,290519.33931718837,292.2144254866086,994.1991701244814,523.2055788554396,1292,67,0.003424174279363413,0.03409868186613114,1.017685890197754,0.0,0.004513805969512677,0.04029572178465002,1.06485915184021,0.0,0.01409758370498131,0.07321225198324467,1.017685890197754,2.002716064453125e-05,1283.60625,99.88595353621517,1292,67,84.02457002457002,104.07177982247691,1292,73,0,0,0,0,0,0,0,0,0,0,2.37773597240448,0.923146300444175,3.03049898147583,1.7249729633331299,1.017685890197754,0.0,1.017685890197754,1.017685890197754,1643016,1280,34198,407,640.0,203.5,821508.0,17099.0,unknown,unknown,unknown
1773130889.232958,0.0074880123138427734,17,192.168.6.36,10.100.192.1,50416,53,1,1,34588.61833349253,267.09357786480723,129.5,53.033008588991066,167,92,0.0074880123138427734,0.0,0.0074880123138427734,0.0074880123138427734,0.0,0.0,0.0,0.0,0.0,0.0,0.0,0.0,92.0,0.0,92,92,167.0,0.0,167,167,0,0,0,0,0,0,0,0,0,0,0.0074880123138427734,0.0,0.0074880123138427734,0.0074880123138427734,0.0,0.0,0.0,0.0,0,0,0,0,1.0,1.0,92.0,167.0,unknown,unknown,unknown
1773130889.234641,0.008761882781982422,17,192.168.6.36,10.100.192.1,61156,53,1,1,31385.948299319727,228.26144217687076,137.5,64.34671708797582,183,92,0.008761882781982422,0.0,0.008761882781982422,0.008761882781982422,0.0,0.0,0.0,0.0,0.0,0.0,0.0,0.0,92.0,0.0,92,92,183.0,0.0,183,183,0,0,0,0,0,0,0,0,0,0,0.008761882781982422,0.0,0.008761882781982422,0.008761882781982422,0.0,0.0,0.0,0.0,0,0,0,0,1.0,1.0,92.0,183.0,unknown,unknown,unknown
1773130889.250657,1.1525859832763672,6,192.168.6.36,140.82.114.21,50952,443,15,13,10117.249532093194,24.293198430547076,416.4642857142857,562.8073469566293,1490,54,0.04268836975097656,0.08737561512688231,0.24901700019836426,0.0,0.08232757023402623,0.13530413739639727,0.3285031318664551,3.504753112792969e-05,0.06802533070246379,0.12121526034238006,0.2757129669189453,0.0,288.6,489.21844375931465,1490,54,564.0,624.0602267943909,1490,60,2,27,0,0,12,0,0,0,65535,65535,1.1525859832763672,0.0,1.1525859832763672,1.1525859832763672,0.0,0.0,0.0,0.0,4329,15,7332,13,15.0,13.0,4329.0,7332.0,unknown,unknown,unknown
1773130889.515114,20.88230800628662,6,192.168.6.36,140.82.114.21,64219,443,11,11,447.31645549849617,1.053523393744451,424.59090909090907,582.8744583519973,1490,54,0.994395619346982,4.353118074497425,19.989341020584106,0.0,2.0882308006286623,6.311103438302612,20.04619312286377,3.814697265625e-05,2.0581022024154665,6.310190727980092,20.01434588432312,0.0,234.45454545454547,437.0380678239285,1490,54,614.7272727272727,665.5247690220239,1490,54,2,21,1,0,8,0,0,0,65535,65535,0.4464834928512573,0.5510219968726371,0.8361148834228516,0.056852102279663086,19.989341020584106,0.0,19.989341020584106,19.989341020584106,2579,11,6762,11,5.5,5.5,1289.5,3381.0,unknown,unknown,unknown
1773130889.801485,0.03670692443847656,17,192.168.6.36,10.100.192.1,60986,53,1,1,7301.074772668226,54.48563263185243,134.0,46.66904755831214,167,101,0.03670692443847656,0.0,0.03670692443847656,0.03670692443847656,0.0,0.0,0.0,0.0,0.0,0.0,0.0,0.0,101.0,0.0,101,101,167.0,0.0,167,167,0,0,0,0,0,0,0,0,0,0,0.03670692443847656,0.0,0.03670692443847656,0.03670692443847656,0.0,0.0,0.0,0.0,0,0,0,0,1.0,1.0,101.0,167.0,unknown,unknown,unknown
1773130889.802667,0.0027990341186523438,17,192.168.6.36,10.100.192.1,61879,53,1,1,95747.31448040885,714.5321976149914,134.0,46.66904755831214,167,101,0.0027990341186523438,0.0,0.0027990341186523438,0.0027990341186523438,0.0,0.0,0.0,0.0,0.0,0.0,0.0,0.0,101.0,0.0,101,101,167.0,0.0,167,167,0,0,0,0,0,0,0,0,0,0,0.0027990341186523438,0.0,0.0027990341186523438,0.0027990341186523438,0.0,0.0,0.0,0.0,0,0,0,0,1.0,1.0,101.0,167.0,unknown,unknown,unknown
1773130889.83727,3.2000420093536377,17,192.168.6.36,202.133.51.204,60589,443,170,439,180519.5051538342,190.3100016249503,948.5550082101806,545.8904218279179,1292,65,0.005263226989068483,0.0408442333971089,0.8890678882598877,0.0,0.018627413631190914,0.08644039451912625,0.9456770420074463,3.4809112548828125e-05,0.007263772019512577,0.04895275373963738,0.8985419273376465,0.0,117.95882352941176,222.305439325351,1292,71,1270.1981776765376,152.09419214533733,1292,65,0,0,0,0,0,0,0,0,0,0,3.2000420093536377,0.0,3.2000420093536377,3.2000420093536377,0.0,0.0,0.0,0.0,20053,170,557617,439,170.0,439.0,20053.0,557617.0,unknown,unknown,unknown
1773130890.882321,0.004263162612915039,17,192.168.6.36,10.100.192.1,50504,53,1,1,40580.20200212516,469.13528326156256,86.5,17.67766952966369,99,74,0.004263162612915039,0.0,0.004263162612915039,0.004263162612915039,0.0,0.0,0.0,0.0,0.0,0.0,0.0,0.0,74.0,0.0,74,74,99.0,0.0,99,99,0,0,0,0,0,0,0,0,0,0,0.004263162612915039,0.0,0.004263162612915039,0.004263162612915039,0.0,0.0,0.0,0.0,0,0,0,0,1.0,1.0,74.0,99.0,unknown,unknown,unknown
1773130890.884429,0.003453969955444336,17,192.168.6.36,10.100.192.1,62211,53,1,1,47481.59425692,579.0438324014634,82.0,11.313708498984761,90,74,0.003453969955444336,0.0,0.003453969955444336,0.003453969955444336,0.0,0.0,0.0,0.0,0.0,0.0,0.0,0.0,74.0,0.0,74,74,90.0,0.0,90,90,0,0,0,0,0,0,0,0,0,0,0.003453969955444336,0.0,0.003453969955444336,0.003453969955444336,0.0,0.0,0.0,0.0,0,0,0,0,1.0,1.0,74.0,90.0,unknown,unknown,unknown
1773130890.922763,0.18141579627990723,17,192.168.6.36,142.251.222.164,56512,443,13,14,75026.54277690091,148.82937734011642,504.1111111111111,548.8259730715637,1292,64,0.006977530626150278,0.013040446717139857,0.05327105522155762,0.0,0.011721412340799967,0.027627097851332834,0.0951838493347168,3.886222839355469e-05,0.012522532389714168,0.017785204424492034,0.05327105522155762,0.0,529.6153846153846,586.6010197828302,1292,73,480.42857142857144,532.4790662964658,1292,64,0,0,0,0,0,0,0,0,0,0,0.18141579627990723,0.0,0.18141579627990723,0.18141579627990723,0.0,0.0,0.0,0.0,6885,13,6726,14,13.0,14.0,6885.0,6726.0,unknown,unknown,unknown
1773130891.054658,0.0029921531677246094,17,192.168.6.36,10.100.192.1,50573,53,1,1,59154.72573705179,668.4149800796813,88.5,17.67766952966369,101,76,0.0029921531677246094,0.0,0.0029921531677246094,0.0029921531677246094,0.0,0.0,0.0,0.0,0.0,0.0,0.0,0.0,76.0,0.0,76,76,101.0,0.0,101,101,0,0,0,0,0,0,0,0,0,0,0.0029921531677246094,0.0,0.0029921531677246094,0.0029921531677246094,0.0,0.0,0.0,0.0,0,0,0,0,1.0,1.0,76.0,101.0,unknown,unknown,unknown
1773130891.054826,0.002824068069458008,17,192.168.6.36,10.100.192.1,62663,53,1,1,70465.7235964542,708.1982271000422,99.5,17.67766952966369,112,87,0.002824068069458008,0.0,0.002824068069458008,0.002824068069458008,0.0,0.0,0.0,0.0,0.0,0.0,0.0,0.0,87.0,0.0,87,87,112.0,0.0,112,112,0,0,0,0,0,0,0,0,0,0,0.002824068069458008,0.0,0.002824068069458008,0.002824068069458008,0.0,0.0,0.0,0.0,0,0,0,0,1.0,1.0,87.0,112.0,unknown,unknown,unknown
1773130891.056628,0.0030260086059570312,17,192.168.6.36,10.100.192.1,60465,53,1,1,55518.678852820674,660.9366530097699,84.0,11.313708498984761,92,76,0.0030260086059570312,0.0,0.0030260086059570312,0.0030260086059570312,0.0,0.0,0.0,0.0,0.0,0.0,0.0,0.0,76.0,0.0,76,76,92.0,0.0,92,92,0,0,0,0,0,0,0,0,0,0,0.0030260086059570312,0.0,0.0030260086059570312,0.0030260086059570312,0.0,0.0,0.0,0.0,0,0,0,0,1.0,1.0,76.0,92.0,unknown,unknown,unknown
1773130891.06458,0.003019094467163086,17,192.168.6.36,10.100.192.1,58797,53,1,1,62932.77738292664,662.450288241333,95.0,11.313708498984761,103,87,0.003019094467163086,0.0,0.003019094467163086,0.003019094467163086,0.0,0.0,0.0,0.0,0.0,0.0,0.0,0.0,87.0,0.0,87,87,103.0,0.0,103,103,0,0,0,0,0,0,0,0,0,0,0.003019094467163086,0.0,0.003019094467163086,0.003019094467163086,0.0,0.0,0.0,0.0,0,0,0,0,1.0,1.0,87.0,103.0,unknown,unknown,unknown
1773130891.075184,0.1608569622039795,17,192.168.6.36,172.217.24.195,64919,443,11,13,78927.26448420962,149.20087804198417,529.0,548.7417227265206,1292,64,0.006993780965390412,0.00992369790816208,0.036247968673706055,0.0,0.015677881240844727,0.03204886960242017,0.10495209693908691,4.1961669921875e-05,0.011819005012512207,0.014086374923520946,0.036741018295288086,0.0,585.3636363636364,591.1211843145655,1292,73,481.3076923076923,529.6968291100399,1292,64,0,0,0,0,0,0,0,0,0,0,0.1608569622039795,0.0,0.1608569622039795,0.1608569622039795,0.0,0.0,0.0,0.0,6439,11,6257,13,11.0,13.0,6439.0,6257.0,unknown,unknown,unknown
1773130891.075328,0.16519880294799805,17,192.168.6.36,142.251.223.2,57255,443,10,11,67179.66354449598,127.11956518601691,528.4761904761905,543.458887041846,1296,69,0.008259940147399902,0.0103890912063772,0.038641929626464844,0.0,0.01835542254977756,0.03384849011932395,0.10554003715515137,6.103515625e-05,0.014590311050415038,0.014213011012584875,0.038641929626464844,0.0,500.7,566.7294180941495,1292,73,553.7272727272727,547.8669712455919,1296,69,0,0,0,0,0,0,0,0,0,0,0.16519880294799805,0.0,0.16519880294799805,0.16519880294799805,0.0,0.0,0.0,0.0,5007,10,6091,11,10.0,11.0,5007.0,6091.0,unknown,unknown,unknown
1773130891.141517,0.45694708824157715,17,192.168.6.36,142.251.222.206,55175,443,11,13,28390.5956156164,52.52249246703103,540.5416666666666,548.0185635674148,1292,66,0.01986726470615553,0.05158769027688071,0.24985814094543457,0.0,0.04137351512908936,0.0878184172537017,0.28525710105895996,3.695487976074219e-05,0.03663492202758789,0.07599466645446147,0.26328516006469727,0.0,688.4545454545455,599.434127095941,1292,73,415.38461538461536,489.04252345127384,1292,66,0,0,0,0,0,0,0,0,0,0,0.45694708824157715,0.0,0.45694708824157715,0.45694708824157715,0.0,0.0,0.0,0.0,7573,11,5400,13,11.0,13.0,7573.0,5400.0,unknown,unknown,unknown
1773130891.240451,0.18604683876037598,17,192.168.6.36,142.251.223.2,52390,443,14,13,70364.00127637162,145.12474482178854,484.85185185185185,538.4258183105281,1292,64,0.007155647644629845,0.011893501720476752,0.05333089828491211,0.0,0.011012077331542969,0.0274374405795751,0.09984707832336426,3.790855407714844e-05,0.014050503571828207,0.017497080448527068,0.05333089828491211,0.0,479.7857142857143,562.9043064693662,1292,73,490.3076923076923,533.6602203361524,1292,64,0,0,0,0,0,0,0,0,0,0,0.18604683876037598,0.0,0.18604683876037598,0.18604683876037598,0.0,0.0,0.0,0.0,6717,14,6374,13,14.0,13.0,6717.0,6374.0,unknown,unknown,unknown
1773130898.542617,0.21567296981811523,6,192.168.6.36,202.133.52.74,64225,443,14,16,39796.36394508942,139.09948949699202,286.1,446.98880260602994,1514,54,0.007436998959245353,0.01004294365834368,0.03869295120239258,0.0,0.016590228447547324,0.015603578921168593,0.03923988342285156,4.887580871582031e-05,0.012516530354817708,0.019192550300021493,0.052648067474365234,0.0,110.21428571428571,125.1338843438859,524,54,440.0,564.4198201102911,1514,54,2,29,2,1,15,0,0,0,65535,64240,0.21567296981811523,0.0,0.21567296981811523,0.21567296981811523,0.0,0.0,0.0,0.0,1543,14,7040,16,14.0,16.0,1543.0,7040.0,unknown,unknown,unknown
1773130899.832896,0.005636930465698242,17,192.168.6.36,10.100.192.1,51517,53,2,2,73444.22687476208,709.6060567609863,103.5,15.588457268119896,126,93,0.001878976821899414,0.002514158712610243,0.004734992980957031,0.0,0.0009019374847412109,0.0,0.0009019374847412109,0.0009019374847412109,0.0,0.0,0.0,0.0,93.0,0.0,93,93,114.0,16.97056274847714,126,102,0,0,0,0,0,0,0,0,0,0,0.005636930465698242,0.0,0.005636930465698242,0.005636930465698242,0.0,0.0,0.0,0.0,0,0,0,0,2.0,2.0,186.0,228.0,unknown,unknown,unknown
1773130900.603762,2.1756250858306885,6,192.168.6.36,23.2.77.251,64226,443,11,12,4398.276183851963,10.57167438902656,416.04347826086956,530.9847180013641,1514,54,0.09889204935594038,0.21286428853891304,0.7612128257751465,0.0,0.21756250858306886,0.29123397336338,0.7612128257751465,0.00015401840209960938,0.19137545065446335,0.31288150811937504,0.8360888957977295,0.0,122.0,138.73499918910153,497,54,685.5833333333334,616.987764477669,1514,60,3,22,0,0,9,0,0,0,65535,64240,2.1756250858306885,0.0,2.1756250858306885,2.1756250858306885,0.0,0.0,0.0,0.0,1342,11,8227,12,11.0,12.0,1342.0,8227.0,unknown,unknown,unknown
1773130902.988874,0.4055631160736084,17,192.168.6.36,10.100.192.1,56161,53,3,3,1422.71320327679,14.7942447481122,96.16666666666667,47.3979605749727,192,72,0.08111262321472168,0.12798345893291613,0.30646395683288574,0.0031430721282958984,0.17302048206329346,0.19316254706070227,0.30960702896118164,0.03643393516540527,0.20121002197265625,0.1579195209232867,0.31287598609924316,0.08954405784606934,75.0,5.196152422706632,81,72,117.33333333333333,65.15622252197662,192,72,0,0,0,0,0,0,0,0,0,0,0.4055631160736084,0.0,0.4055631160736084,0.4055631160736084,0.0,0.0,0.0,0.0,0,0,0,0,3.0,3.0,225.0,352.0,unknown,unknown,unknown
1773130903.015449,0.4972999095916748,6,192.168.6.36,150.171.74.13,64229,443,16,19,36458.88456904623,70.38006507730506,518.0285714285715,626.3044028601562,1514,54,0.014626467929166906,0.045625574971640805,0.2648508548736572,0.0,0.03315332730611165,0.07620418478458221,0.2944509983062744,3.504753112792969e-05,0.025831222534179688,0.06445368817336379,0.2648508548736572,0.0,104.5625,118.5309910248511,502,54,866.2105263157895,670.2964169303814,1514,60,2,34,0,0,10,0,0,0,65535,65535,0.4972999095916748,0.0,0.4972999095916748,0.4972999095916748,0.0,0.0,0.0,0.0,1673,16,16458,19,16.0,19.0,1673.0,16458.0,unknown,unknown,unknown
1773130903.374061,0.020375967025756836,17,192.168.6.36,202.153.32.2,56161,53,1,1,7852.388050969425,98.15485063711782,80.0,11.313708498984761,88,72,0.020375967025756836,0.0,0.020375967025756836,0.020375967025756836,0.0,0.0,0.0,0.0,0.0,0.0,0.0,0.0,72.0,0.0,72,72,88.0,0.0,88,88,0,0,0,0,0,0,0,0,0,0,0.020375967025756836,0.0,0.020375967025756836,0.020375967025756836,0.0,0.0,0.0,0.0,0,0,0,0,1.0,1.0,72.0,88.0,unknown,unknown,unknown
1773130903.484882,7.641750812530518,6,192.168.6.36,46.4.80.156,64570,443,14,14,1355.0559621782547,3.6640817905351164,369.82142857142856,526.7232074833871,1514,54,0.28302780787150067,0.9177151763868471,4.553611993789673,0.0,0.5704378348130447,1.3776300638446177,4.879302024841309,4.696846008300781e-05,0.5735402290637677,1.3272662049796342,4.553611993789673,0.0,126.92857142857143,145.57866722720178,571,54,612.7142857142857,654.1808064079283,1514,54,2,27,2,0,11,0,0,0,65535,29200,0.45433958371480304,0.22775036285226222,0.7023630142211914,0.2546079158782959,3.139366030693054,2.000045821542638,4.553611993789673,1.7251200675964355,1777,14,8578,14,4.666666666666667,4.666666666666667,592.3333333333334,2859.3333333333335,unknown,unknown,unknown
1773130903.61032,2.3650519847869873,6,192.168.6.36,46.4.80.156,53682,443,9,9,3707.3180870439537,7.610826364825635,487.1111111111111,618.8630836783442,1514,54,0.13912070498746984,0.37697845655684564,1.5585238933563232,0.0,0.2956314980983734,0.5257039597636505,1.5585238933563232,6.103515625e-05,0.2714398503303528,0.6933933830707939,1.9801359176635742,0.0,123.11111111111111,170.69522872977765,571,54,851.1111111111111,697.5701478067357,1514,54,2,17,2,1,5,0,0,0,65535,29200,0.40326404571533203,0.06242049416899832,0.4474020004272461,0.35912609100341797,1.5585238933563232,0.0,1.5585238933563232,1.5585238933563232,1108,9,7660,9,4.5,4.5,554.0,3830.0,unknown,unknown,unknown
1773130904.564938,0.04892683029174805,17,192.168.6.36,10.100.192.1,49172,53,2,2,9115.652850195405,81.75473408247001,111.5,15.588457268119896,134,101,0.016308943430582683,0.018362748844585778,0.036489009857177734,0.0005829334259033203,0.0005829334259033203,0.0,0.0005829334259033203,0.0005829334259033203,0.011854887008666992,0.0,0.011854887008666992,0.011854887008666992,101.0,0.0,101,101,122.0,16.97056274847714,134,110,0,0,0,0,0,0,0,0,0,0,0.04892683029174805,0.0,0.04892683029174805,0.04892683029174805,0.0,0.0,0.0,0.0,0,0,0,0,2.0,2.0,202.0,244.0,unknown,unknown,unknown
1773130906.804539,0.2257709503173828,17,192.168.6.36,142.251.10.132,65486,443,3,5,21473.090285463255,35.4341423852529,606.0,588.578432690641,1292,67,0.032252992902483256,0.04019321922496001,0.07641482353210449,0.0,0.07487750053405762,0.10568339122846084,0.14960694313049316,0.0001480579376220703,0.038144707679748535,0.07628941535949707,0.15257883071899414,0.0,118.0,74.50503338701353,204,73,898.8,563.644125313127,1292,67,0,0,0,0,0,0,0,0,0,0,0.2257709503173828,0.0,0.2257709503173828,0.2257709503173828,0.0,0.0,0.0,0.0,0,0,4494,5,3.0,5.0,354.0,4494.0,unknown,unknown,unknown
1773130909.977037,5.55342698097229,17,192.168.6.36,10.100.192.1,57367,53,4,4,208.88003101049293,1.4405519380033995,145.0,148.86715074665926,495,72,0.79334671156747,1.478588942207468,4.058215856552124,0.0029370784759521484,1.840307315190633,1.9300954391079606,4.062891006469727,0.5863280296325684,1.8371856212615967,1.9584157906540607,4.090720891952515,0.5473949909210205,78.25,7.762087348130012,88,72,211.75,199.4197833716605,495,72,0,0,0,0,0,0,0,0,0,0,0.747605562210083,1.011304863474412,1.4627060890197754,0.032505035400390625,4.058215856552124,0.0,4.058215856552124,4.058215856552124,313,4,847,4,2.0,2.0,156.5,423.5,unknown,unknown,unknown
1773130910.28688,1.0615060329437256,6,192.168.6.36,20.50.88.235,53685,443,15,11,9221.803453018107,24.493501867245964,376.5,526.6935541659875,1514,54,0.042460241317749024,0.0614603272672536,0.18269586563110352,0.0,0.0758218594959804,0.08786591810486719,0.21129512786865234,4.1961669921875e-05,0.08927700519561768,0.10288556105503119,0.2334129810333252,0.0,162.46666666666667,210.8523066937975,730,54,668.3636363636364,684.7297675327505,1514,54,2,25,2,0,8,0,0,0,65535,65535,1.0615060329437256,0.0,1.0615060329437256,1.0615060329437256,0.0,0.0,0.0,0.0,2437,15,7352,11,15.0,11.0,2437.0,7352.0,unknown,unknown,unknown
1773130915.534027,0.004393815994262695,17,192.168.6.36,202.153.32.2,57367,53,1,1,65774.26100168213,455.18519724347493,144.5,89.80256121069154,208,81,0.004393815994262695,0.0,0.004393815994262695,0.004393815994262695,0.0,0.0,0.0,0.0,0.0,0.0,0.0,0.0,81.0,0.0,81,81,208.0,0.0,208,208,0,0,0,0,0,0,0,0,0,0,0.004393815994262695,0.0,0.004393815994262695,0.004393815994262695,0.0,0.0,0.0,0.0,0,0,0,0,1.0,1.0,81.0,208.0,unknown,unknown,unknown
1773130915.557726,0.656933069229126,6,192.168.6.36,150.171.75.13,53688,443,8,9,11406.032594450777,25.877826518839345,440.7647058823529,558.406049552179,1514,54,0.041058316826820374,0.07823890010495888,0.31957411766052246,0.0,0.09384758131844657,0.14131141660626528,0.4068870544433594,0.0001289844512939453,0.06407612562179565,0.10861412235658865,0.31957411766052246,0.0,192.375,310.53407335473787,953,54,661.5555555555555,650.1673075276684,1514,60,2,16,0,0,6,0,0,0,65535,65535,0.656933069229126,0.0,0.656933069229126,0.656933069229126,0.0,0.0,0.0,0.0,1539,8,5954,9,8.0,9.0,1539.0,5954.0,unknown,unknown,unknown
1773130916.398803,0.36330604553222656,6,192.168.6.36,34.23.207.74,57485,7500,1,1,300.02253290423516,5.505000603747434,54.5,0.7071067811865476,55,54,0.36330604553222656,0.0,0.36330604553222656,0.36330604553222656,0.0,0.0,0.0,0.0,0.0,0.0,0.0,0.0,55.0,0.0,55,55,54.0,0.0,54,54,0,2,0,0,0,0,0,0,255,355,0.36330604553222656,0.0,0.36330604553222656,0.36330604553222656,0.0,0.0,0.0,0.0,0,0,0,0,1.0,1.0,55.0,54.0,unknown,unknown,unknown
1773130918.648697,0.04532313346862793,17,192.168.6.36,10.100.192.1,52934,53,1,1,5515.94695395557,44.12757563164456,125.0,69.29646455628166,174,76,0.04532313346862793,0.0,0.04532313346862793,0.04532313346862793,0.0,0.0,0.0,0.0,0.0,0.0,0.0,0.0,76.0,0.0,76,76,174.0,0.0,174,174,0,0,0,0,0,0,0,0,0,0,0.04532313346862793,0.0,0.04532313346862793,0.04532313346862793,0.0,0.0,0.0,0.0,0,0,0,0,1.0,1.0,76.0,174.0,unknown,unknown,unknown
1773130918.652402,0.7058761119842529,6,192.168.6.36,150.171.75.13,53691,443,99,126,262472.40394520276,318.75281820702753,823.4355555555555,715.8453585108919,1514,54,0.0031512326427868436,0.015353408664110668,0.18192315101623535,0.0,0.007202817469227071,0.029176691338975127,0.24193406105041504,2.3126602172851562e-05,0.0047558403015136716,0.021303001826776257,0.18192315101623535,0.0,74.38383838383838,92.51119149845282,953,54,1411.9761904761904,343.5808018917405,1514,60,2,224,0,0,47,0,0,0,65535,65535,0.7058761119842529,0.0,0.7058761119842529,0.7058761119842529,0.0,0.0,0.0,0.0,7364,99,177909,126,99.0,126.0,7364.0,177909.0,unknown,unknown,unknown
1773130918.693058,0.004667043685913086,17,192.168.6.36,202.153.32.2,52934,53,1,1,53567.10089399745,428.5368071519796,125.0,69.29646455628166,174,76,0.004667043685913086,0.0,0.004667043685913086,0.004667043685913086,0.0,0.0,0.0,0.0,0.0,0.0,0.0,0.0,76.0,0.0,76,76,174.0,0.0,174,174,0,0,0,0,0,0,0,0,0,0,0.004667043685913086,0.0,0.004667043685913086,0.004667043685913086,0.0,0.0,0.0,0.0,0,0,0,0,1.0,1.0,76.0,174.0,unknown,unknown,unknown
1773130918.714232,0.5578830242156982,6,192.168.6.36,23.2.77.251,53692,443,9,10,5585.400280606565,34.05731878418637,164.0,209.12277095843325,800,54,0.03099350134531657,0.1040103879382164,0.4462549686431885,0.0,0.06973537802696228,0.15307145028111918,0.4462549686431885,0.0001590251922607422,0.06006834242078993,0.15201105740878837,0.46409106254577637,0.0,158.0,243.22212070451158,800,54,169.4,186.58045628271645,600,54,3,18,2,1,7,0,0,0,65535,64240,0.5578830242156982,0.0,0.5578830242156982,0.5578830242156982,0.0,0.0,0.0,0.0,1422,9,1694,10,9.0,10.0,1422.0,1694.0,unknown,unknown,unknown
1773130918.826292,0.04494905471801758,17,192.168.6.36,10.100.192.1,63281,53,1,1,7653.108661751446,44.4948178008805,172.0,127.27922061357856,262,82,0.04494905471801758,0.0,0.04494905471801758,0.04494905471801758,0.0,0.0,0.0,0.0,0.0,0.0,0.0,0.0,82.0,0.0,82,82,262.0,0.0,262,262,0,0,0,0,0,0,0,0,0,0,0.04494905471801758,0.0,0.04494905471801758,0.04494905471801758,0.0,0.0,0.0,0.0,0,0,0,0,1.0,1.0,82.0,262.0,unknown,unknown,unknown
1773130918.863646,0.007595062255859375,17,192.168.6.36,202.153.32.2,63281,53,1,1,45292.58463083878,263.32898041185337,172.0,127.27922061357856,262,82,0.007595062255859375,0.0,0.007595062255859375,0.007595062255859375,0.0,0.0,0.0,0.0,0.0,0.0,0.0,0.0,82.0,0.0,82,82,262.0,0.0,262,262,0,0,0,0,0,0,0,0,0,0,0.007595062255859375,0.0,0.007595062255859375,0.007595062255859375,0.0,0.0,0.0,0.0,0,0,0,0,1.0,1.0,82.0,262.0,unknown,unknown,unknown
1773130918.888176,0.36870503425598145,6,192.168.6.36,23.2.78.57,53693,443,131,155,643500.8420180011,775.6878084866026,829.5874125874126,721.3748601271444,1514,54,0.001293701874582391,0.010715507812394168,0.17482495307922363,0.0,0.0028361925711998573,0.016069893462626578,0.17482495307922363,2.288818359375e-05,0.001152727511021998,0.005277564263547114,0.046263933181762695,0.0,64.94656488549619,42.58752308745607,503,54,1475.832258064516,209.31973366291146,1514,60,2,285,0,1,65,0,0,0,65535,64240,0.36870503425598145,0.0,0.36870503425598145,0.36870503425598145,0.0,0.0,0.0,0.0,8508,131,228754,155,131.0,155.0,8508.0,228754.0,unknown,unknown,unknown
1773130920.196237,0.005940914154052734,17,192.168.6.36,10.100.192.1,58746,53,1,1,24238.69395617626,336.6485271691147,72.0,0.0,72,72,0.005940914154052734,0.0,0.005940914154052734,0.005940914154052734,0.0,0.0,0.0,0.0,0.0,0.0,0.0,0.0,72.0,0.0,72,72,72.0,0.0,72,72,0,0,0,0,0,0,0,0,0,0,0.005940914154052734,0.0,0.005940914154052734,0.005940914154052734,0.0,0.0,0.0,0.0,0,0,0,0,1.0,1.0,72.0,72.0,unknown,unknown,unknown
1773130920.204369,0.002627849578857422,17,192.168.6.36,10.100.192.1,49665,53,1,1,115303.40337506804,761.0785701324623,151.5,112.42997820866105,231,72,0.002627849578857422,0.0,0.002627849578857422,0.002627849578857422,0.0,0.0,0.0,0.0,0.0,0.0,0.0,0.0,72.0,0.0,72,72,231.0,0.0,231,231,0,0,0,0,0,0,0,0,0,0,0.002627849578857422,0.0,0.002627849578857422,0.002627849578857422,0.0,0.0,0.0,0.0,0,0,0,0,1.0,1.0,72.0,231.0,unknown,unknown,unknown
1773130920.234447,0.6920619010925293,6,192.168.6.36,23.65.124.99,53694,443,51,88,185942.90452465587,200.8490855811691,925.7841726618705,706.2039854199652,1514,54,0.005014941312264705,0.021168874692618994,0.21630406379699707,0.0,0.013316059112548828,0.03657261445232819,0.21630406379699707,3.3855438232421875e-05,0.007855941509378368,0.033986234916612415,0.29335999488830566,0.0,72.56862745098039,63.76213763730347,493,54,1420.2613636363637,338.6441693468262,1514,60,3,138,0,0,47,0,0,0,65535,64240,0.6920619010925293,0.0,0.6920619010925293,0.6920619010925293,0.0,0.0,0.0,0.0,3701,51,124983,88,51.0,88.0,3701.0,124983.0,unknown,unknown,unknown
1773130920.265747,0.009797811508178711,17,192.168.6.36,10.100.192.1,53749,53,1,1,77874.53344689135,204.12721742304416,381.5,424.9711754931151,682,81,0.009797811508178711,0.0,0.009797811508178711,0.009797811508178711,0.0,0.0,0.0,0.0,0.0,0.0,0.0,0.0,81.0,0.0,81,81,682.0,0.0,682,682,0,0,0,0,0,0,0,0,0,0,0.009797811508178711,0.0,0.009797811508178711,0.009797811508178711,0.0,0.0,0.0,0.0,0,0,0,0,1.0,1.0,81.0,682.0,unknown,unknown,unknown
1773130920.265917,0.009627819061279297,17,192.168.6.36,10.100.192.1,60695,53,1,1,35522.06349363578,207.73136545985835,171.0,127.27922061357856,261,81,0.009627819061279297,0.0,0.009627819061279297,0.009627819061279297,0.0,0.0,0.0,0.0,0.0,0.0,0.0,0.0,81.0,0.0,81,81,261.0,0.0,261,261,0,0,0,0,0,0,0,0,0,0,0.009627819061279297,0.0,0.009627819061279297,0.009627819061279297,0.0,0.0,0.0,0.0,0,0,0,0,1.0,1.0,81.0,261.0,unknown,unknown,unknown
1773130920.278318,0.012089014053344727,17,192.168.6.36,202.153.32.2,55338,53,1,1,61295.32125036979,165.4394635637511,370.5,409.414826307011,660,81,0.012089014053344727,0.0,0.012089014053344727,0.012089014053344727,0.0,0.0,0.0,0.0,0.0,0.0,0.0,0.0,81.0,0.0,81,81,660.0,0.0,660,660,0,0,0,0,0,0,0,0,0,0,0.012089014053344727,0.0,0.012089014053344727,0.012089014053344727,0.0,0.0,0.0,0.0,0,0,0,0,1.0,1.0,81.0,660.0,unknown,unknown,unknown
1773130920.303587,0.5052890777587891,6,192.168.6.36,150.171.22.17,60457,443,17,17,27030.07169792803,67.28821479935225,401.70588235294116,554.6930644256562,1514,54,0.01531179023511482,0.02709406128186429,0.1016700267791748,0.0,0.031580567359924316,0.04023756249678338,0.12211799621582031,4.506111145019531e-05,0.029250189661979675,0.047124329533820945,0.12755703926086426,0.0,203.88235294117646,355.91025595523047,1494,54,599.5294117647059,651.7414285634161,1514,54,2,33,2,1,11,0,0,0,65535,65535,0.5052890777587891,0.0,0.5052890777587891,0.5052890777587891,0.0,0.0,0.0,0.0,3466,17,10192,17,17.0,17.0,3466.0,10192.0,unknown,unknown,unknown
